"","Purity","Fmeasure","RI","ARI","silhouette","dunn","ball_hall","banfeld_raftery","calinski_harabasz","infomax","combined_rank","combined_rank2"
"853",944,944,944,944,247,548,88,240,721,924,337.5,348
"854",944,944,944,944,247,548,88,240,721,924,337.5,348
"855",944,944,944,944,247,548,88,240,721,924,337.5,348
"856",944,944,944,944,247,548,88,240,721,924,337.5,348
"857",944,944,944,944,247,548,88,240,721,924,337.5,348
"858",944,944,944,944,247,548,88,240,721,924,337.5,348
"859",944,944,944,944,247,548,88,240,721,924,337.5,348
"860",944,944,944,944,247,548,88,240,721,924,337.5,348
"861",944,944,944,944,247,548,88,240,721,924,337.5,348
"97",933,933,933,933,369.5,704.5,9.5,156,828.5,858,489,359
"98",933,933,933,933,369.5,704.5,9.5,156,828.5,858,489,359
"99",933,933,933,933,369.5,704.5,9.5,156,828.5,858,489,359
"100",933,933,933,933,369.5,704.5,9.5,156,828.5,858,489,359
"101",933,933,933,933,369.5,704.5,9.5,156,828.5,858,489,359
"102",933,933,933,933,369.5,704.5,9.5,156,828.5,858,489,359
"103",933,933,933,933,369.5,704.5,9.5,156,828.5,858,489,359
"104",933,933,933,933,4,32,939,945,17,858,379,773
"105",933,933,933,933,369.5,704.5,9.5,152,828.5,858,476,355
"289",933,933,933,933,194,379,52,181,689,858,120,280
"565",933,933,933,933,428.5,319.5,4.5,150.5,906.5,858,256.5,327.5
"566",933,933,933,933,428.5,319.5,4.5,150.5,906.5,858,256.5,327.5
"862",933,933,933,933,252,358,80,231,730,858,190,312
"1",915,917.5,915,915,319.5,570.5,45.5,197.5,800.5,788,305.5,323.5
"2",915,906,915,915,276,372,63,209,778,924,240,336
"3",915,906,915,915,20,83,908,911,56,924,471,831
"4",915,917.5,915,915,319.5,570.5,45.5,197.5,800.5,788,305.5,323.5
"106",915,906,915,915,336,710,25,171,816,924,547,413
"107",915,917.5,915,915,3,49,938,946,9,788,315,723
"108",915,906,915,915,336,710,25,171,816,924,547,413
"109",915,906,915,915,336,710,25,171,816,924,547,413
"290",915,917.5,915,915,223,288,53,186,711,788,89,248
"291",915,917.5,915,915,7,65,942,948,11,788,327,730
"385",915,917.5,915,915,217.5,774.5,18.5,164.5,751.5,788,296.5,304.5
"386",915,917.5,915,915,217.5,774.5,18.5,164.5,751.5,788,296.5,304.5
"387",915,917.5,915,915,217.5,774.5,18.5,164.5,751.5,788,296.5,304.5
"388",915,917.5,915,915,217.5,774.5,18.5,164.5,751.5,788,296.5,304.5
"389",915,917.5,915,915,217.5,774.5,18.5,164.5,751.5,788,296.5,304.5
"390",915,917.5,915,915,217.5,774.5,18.5,164.5,751.5,788,296.5,304.5
"391",915,917.5,915,915,217.5,774.5,18.5,164.5,751.5,788,296.5,304.5
"392",915,917.5,915,915,217.5,774.5,18.5,164.5,751.5,788,296.5,304.5
"393",915,917.5,915,915,22,34,937,944,120,788,409,809.5
"394",915,917.5,915,915,217.5,774.5,18.5,164.5,751.5,788,296.5,304.5
"395",915,917.5,915,915,217.5,774.5,18.5,164.5,751.5,788,296.5,304.5
"567",915,917.5,915,915,298,165,79,225,663,788,82,250
"863",915,917.5,915,915,24,26,903,895,73,788,287.5,718
"110",881.5,897,881.5,897,203,389,44,201,701,741,100,244
"292",881.5,897,881.5,897,238.5,588,58.5,192.5,706.5,741,207.5,292.5
"293",881.5,897,881.5,897,238.5,588,58.5,192.5,706.5,741,207.5,292.5
"294",881.5,897,881.5,897,238.5,588,58.5,192.5,706.5,741,207.5,292.5
"295",881.5,897,881.5,897,238.5,588,58.5,192.5,706.5,741,207.5,292.5
"296",881.5,897,881.5,897,151,373,78,210,623,741,77,238.5
"297",881.5,897,881.5,897,238.5,588,58.5,192.5,706.5,741,207.5,292.5
"298",881.5,897,881.5,897,238.5,588,58.5,192.5,706.5,741,207.5,292.5
"301",881.5,897,881.5,897,238.5,588,58.5,192.5,706.5,741,207.5,292.5
"302",881.5,897,881.5,897,238.5,588,58.5,192.5,706.5,741,207.5,292.5
"568",881.5,897,881.5,897,325.5,553.5,38.5,187.5,840.5,741,275.5,310.5
"569",881.5,897,881.5,897,325.5,553.5,38.5,187.5,840.5,741,275.5,310.5
"864",881.5,897,881.5,897,21,7,904,889,68,741,243,661
"5",881.5,875,881.5,875,312,656,49,204,804,858,447,377
"6",881.5,875,881.5,875,312,656,49,204,804,858,447,377
"7",881.5,875,881.5,875,349,695,32,178,848,858,513,406
"8",881.5,875,881.5,875,312,656,49,204,804,858,447,377
"9",881.5,875,881.5,875,349,695,32,178,848,858,513,406
"10",881.5,875,881.5,875,349,695,32,178,848,858,513,406
"11",881.5,875,881.5,875,349,695,32,178,848,858,513,406
"12",881.5,875,881.5,875,349,695,32,178,848,858,513,406
"13",881.5,875,881.5,875,312,656,49,204,804,858,447,377
"14",881.5,875,881.5,875,312,656,49,204,804,858,447,377
"299",881.5,875,881.5,875,224.5,288,42.5,174.5,715.5,858,109.5,280
"300",881.5,875,881.5,875,224.5,288,42.5,174.5,715.5,858,109.5,280
"469",881.5,875,881.5,875,389,768,82,226.5,786,858,708.5,532.5
"470",881.5,875,881.5,875,389,768,82,228,786,858,713,534
"471",881.5,875,881.5,875,389,768,82,226.5,786,858,708.5,532.5
"570",881.5,875,881.5,875,453,411,2,148,912,858,355.5,341
"571",881.5,875,881.5,875,5,28,898,869,16,858,263.5,701
"572",881.5,875,881.5,875,453,411,2,148,912,858,355.5,341
"573",881.5,875,881.5,875,17,42,896,864,23,858,281,712
"574",881.5,875,881.5,875,453,411,2,148,912,858,355.5,341
"661",881.5,875,881.5,875,403,651,99,247,874,858,748,649
"662",881.5,875,881.5,875,403,651,99,247,874,858,748,649
"663",881.5,875,881.5,875,403,651,99,247,874,858,748,649
"664",881.5,875,881.5,875,403,651,99,247,874,858,748,649
"665",881.5,875,881.5,875,6,59,935,942,20,858,390,777
"666",881.5,875,881.5,875,403,651,99,247,874,858,748,649
"757",881.5,875,881.5,875,262.5,607,103.5,259.5,732.5,858,392.5,365.5
"758",881.5,875,881.5,875,15,46,923,932,25,858,381.5,765
"759",881.5,875,881.5,875,262.5,607,103.5,259.5,732.5,858,392.5,365.5
"760",881.5,875,881.5,875,262.5,607,103.5,259.5,732.5,858,392.5,365.5
"761",881.5,875,881.5,875,262.5,607,103.5,259.5,732.5,858,392.5,365.5
"111",836,850.5,836,850.5,278,248,36,173,693,701.5,71,232
"193",836,850.5,836,850.5,437,806,71,218,863,701.5,670,437
"194",836,850.5,836,850.5,437,806,71,218,863,701.5,670,437
"195",836,850.5,836,850.5,437,806,71,218,863,701.5,670,437
"196",836,850.5,836,850.5,437,806,71,218,863,701.5,670,437
"197",836,850.5,836,850.5,437,806,71,218,863,701.5,670,437
"198",836,850.5,836,850.5,437,806,71,218,863,701.5,670,437
"199",836,850.5,836,850.5,437,806,71,218,863,701.5,670,437
"200",836,850.5,836,850.5,437,806,71,218,863,701.5,670,437
"201",836,850.5,836,850.5,437,806,71,218,863,701.5,670,437
"203",836,850.5,836,850.5,437,806,71,218,863,701.5,670,437
"204",836,850.5,836,850.5,16,81,928,935,28,701.5,278,677
"206",836,850.5,836,850.5,437,806,71,218,863,701.5,670,437
"207",836,850.5,836,850.5,437,806,71,218,863,701.5,670,437
"208",836,850.5,836,850.5,437,806,71,218,863,701.5,670,437
"764",836,850.5,836,850.5,186,462,126,274,647,701.5,136,273
"767",836,850.5,836,850.5,186,462,126,274,647,701.5,136,273
"768",836,850.5,836,850.5,186,462,126,274,647,701.5,136,273
"15",836,835,836,827,8,33,912,915,15,788,262,697
"202",836,835,836,827,10,12,925,936,21,788,279,719
"205",836,835,836,827,202,374,128,262,666,788,143,298
"303",836,835,836,827,211,588,54,182,712,788,216.5,297
"304",836,820.5,836,827,19,13,941,947,30,924,438.5,833
"472",836,820.5,836,827,377.5,821.5,109.5,253.5,771.5,924,818.5,682.5
"473",836,820.5,836,827,377.5,821.5,109.5,253.5,771.5,924,818.5,682.5
"474",836,820.5,836,827,377.5,821.5,109.5,253.5,771.5,924,818.5,682.5
"475",836,820.5,836,827,377.5,821.5,109.5,253.5,771.5,924,818.5,682.5
"476",836,820.5,836,827,377.5,821.5,109.5,253.5,771.5,924,818.5,682.5
"477",836,820.5,836,827,377.5,821.5,109.5,253.5,771.5,924,818.5,682.5
"478",836,820.5,836,827,13,47,933,939,18,924,438.5,822
"479",836,820.5,836,827,377.5,821.5,109.5,253.5,771.5,924,818.5,682.5
"480",836,820.5,836,827,377.5,821.5,109.5,253.5,771.5,924,818.5,682.5
"575",836,835,836,827,287.5,411,40.5,199.5,833.5,788,231.5,313.5
"576",836,835,836,827,287.5,411,40.5,199.5,833.5,788,231.5,313.5
"667",836,820.5,836,827,396.5,519.5,94.5,233.5,879,924,611,564
"668",836,820.5,836,827,396.5,519.5,94.5,233.5,879,924,611,564
"669",836,820.5,836,827,396.5,519.5,94.5,233.5,877,924,607,557
"670",836,820.5,836,827,396.5,519.5,94.5,233.5,879,924,611,564
"762",836,835,836,827,197.5,607,120.5,268.5,671.5,788,251.5,317.5
"763",836,835,836,827,197.5,607,120.5,268.5,671.5,788,251.5,317.5
"765",836,835,836,827,197.5,607,120.5,268.5,671.5,788,251.5,317.5
"766",836,835,836,827,197.5,607,120.5,268.5,671.5,788,251.5,317.5
"769",836,835,836,827,197.5,607,120.5,268.5,671.5,788,251.5,317.5
"770",836,820.5,836,827,230,607,115,263,702,924,403,383
"771",836,820.5,836,827,12,20,927,933,26,924,405.5,816
"772",836,835,836,827,197.5,607,120.5,268.5,671.5,788,251.5,317.5
"865",836,835,836,827,94,178,166,281,415,788,48,235
"396",810.5,811.5,810.5,811.5,26,14,932,943,142,671.5,311,725
"577",810.5,811.5,810.5,811.5,260,494,64,211,739,671.5,151,249
"481",810.5,809,810.5,809.5,11,1,934,937,13,858,322,749
"671",810.5,810,810.5,809.5,293,577,129,276,790,741,383,353
"482",807.5,807.5,807.5,807.5,282.5,510.5,116.5,229.5,649.5,701.5,175.5,269.5
"483",807.5,807.5,807.5,807.5,282.5,510.5,116.5,229.5,649.5,701.5,175.5,269.5
"578",804,804.5,804,804.5,342,505,28,184,782,632.5,160,242
"579",804,804.5,804,804.5,342,505,28,184,782,632.5,160,242
"580",804,804.5,804,804.5,342,505,28,184,782,632.5,160,242
"866",804,804.5,804,804.5,175,297,114,264,633,632.5,70,237
"484",804,802,804,802,123,392,153,280,586,858,133,299
"397",799.5,801,799.5,801,170,517,37,208,617,596,73,207
"672",799.5,799.5,799.5,799.5,208.5,375.5,130.5,277.5,667.5,701.5,123.5,282.5
"673",799.5,799.5,799.5,799.5,208.5,375.5,130.5,277.5,667.5,701.5,123.5,282.5
"674",799.5,798,799.5,798,9,15,931,940,34,788,302,722
"398",797,797,797,797,190,418,35,207,612,567,55,182
"675",796,796,796,796,1,8,926,941,10,596,171.5,528
"399",795,795,795,795,28,6,921,923,229,858,516,898
"773",793.5,526,793.5,794,14,36,917,925,40,653,235.5,603
"485",793.5,514,793.5,793,2,11,929,938,5,924,384,800
"16",791.5,794,791.5,792,141,263,124,279,442,492.5,25,151
"17",791.5,453,791.5,791,18,9,899,890,140,741,280,720
"18",789.5,297,789.5,790,60,166.5,229,283,143,653,9,131.5
"774",789.5,290,789.5,789,48,166.5,260,311,166,924,45,236
"775",787.5,288,787.5,788,56,135,901,742,119,671.5,242,539
"867",787.5,282,787.5,787,50,233,239,272,177,741,22,165
"209",785,295.5,785,785.5,61,18,861,815,329,553,245,624
"486",785,295.5,785,785.5,38,19,916,648,7,553,78,330
"210",785,238,785,784,52,44,911,745,141,924,389,761
"211",780,257,780,783,100,202,666,661,575,632.5,402,717
"19",780,233.5,780,779.5,23,131,915,922,22,671.5,273,625.5
"487",780,233.5,780,779.5,34,29,910,649,6,671.5,108,363
"776",780,233.5,780,779.5,296.5,305.5,474.5,515.5,809.5,671.5,640.5,762.5
"777",780,233.5,780,779.5,228.5,382.5,500.5,539.5,776.5,671.5,687,798.5
"778",780,233.5,780,779.5,296.5,305.5,474.5,515.5,809.5,671.5,640.5,762.5
"779",780,233.5,780,779.5,228.5,382.5,500.5,539.5,776.5,671.5,687,798.5
"676",765,446,765,776,68,79,625,373,161,351,18,206
"20",765,347,765,772,445.5,316.5,571.5,672.5,503.5,464.5,533.5,573.5
"21",765,347,765,772,445.5,316.5,571.5,672.5,503.5,464.5,533.5,573.5
"306",765,347,765,772,79,256,894,865,126,464.5,273,518
"403",765,347,765,772,430,265,721,778,506,464.5,786,824
"406",765,347,765,772,521.5,90.5,674.5,772.5,530,464.5,624,750
"407",765,347,765,772,459,264,705,775,516,464.5,793,823
"409",765,347,765,772,521.5,90.5,674.5,772.5,529,464.5,623,748
"305",765,291,765,768,45,195,906,805,8,519,166.5,382
"784",765,264,765,767,54,58,895,744,51,553,122,381
"22",765,241,765,766,44,105,893,700,32,596,126,368
"400",765,227,765,762,289.5,200.5,660.5,657.5,637.5,653,683.5,839.5
"401",765,227,765,762,204.5,278.5,685.5,676.5,629.5,653,740.5,875.5
"402",765,227,765,762,137,99,907,916,429,653,760,931
"404",765,227,765,762,289.5,200.5,660.5,657.5,637.5,653,683.5,839.5
"405",765,227,765,762,204.5,278.5,685.5,676.5,629.5,653,740.5,875.5
"488",765,227,765,762,39,73,297,328,121,653,8,157
"780",765,227,765,762,315,120,450,511,808,653,424.5,662
"781",765,164.5,765,757.5,281,268,477,517,812,701.5,632,774
"782",765,164.5,765,757.5,210,307,506,538,780,701.5,604,771
"783",765,160,765,756,31,93,936,800,12,788,255,613.5
"408",765,156.5,765,754.5,96,24,914,914,438,924,839,948
"677",765,156.5,765,754.5,47,78,299,305,134,924,31,234
"678",702,454,702,753,95,86,872,904,222,346.5,212.5,477
"24",702,420.5,702,732.5,701.5,348.5,543.5,704.5,451.5,378,740.5,642.5
"26",702,420.5,702,732.5,713,537,400,616,457,378,692.5,457
"33",702,420.5,702,732.5,744.5,326.5,362.5,583.5,462.5,378,427,334.5
"34",702,420.5,702,732.5,713,537,400,616,457,378,692.5,457
"35",702,420.5,702,732.5,706.5,530.5,417.5,634.5,445.5,378,717.5,496.5
"36",702,420.5,702,732.5,701.5,348.5,543.5,704.5,451.5,378,740.5,642.5
"37",702,420.5,702,732.5,713,537,400,616,457,378,692.5,457
"38",702,420.5,702,732.5,706.5,530.5,417.5,634.5,445.5,378,717.5,496.5
"42",702,420.5,702,732.5,701.5,348.5,543.5,704.5,451.5,378,740.5,642.5
"44",702,420.5,702,732.5,713,537,400,616,457,378,692.5,457
"45",702,420.5,702,732.5,706.5,530.5,417.5,634.5,445.5,378,717.5,496.5
"50",702,420.5,702,732.5,744.5,326.5,362.5,583.5,462.5,378,427,334.5
"51",702,420.5,702,732.5,713,537,400,616,457,378,692.5,457
"52",702,420.5,702,732.5,706.5,530.5,417.5,634.5,445.5,378,717.5,496.5
"53",702,420.5,702,732.5,701.5,348.5,543.5,704.5,451.5,378,740.5,642.5
"54",702,420.5,702,732.5,713,537,400,616,457,378,692.5,457
"55",702,420.5,702,732.5,706.5,530.5,417.5,634.5,445.5,378,717.5,496.5
"57",702,420.5,702,732.5,713,537,400,616,457,378,692.5,457
"58",702,420.5,702,732.5,706.5,530.5,417.5,634.5,445.5,378,717.5,496.5
"212",702,420.5,702,732.5,639.5,444.5,524.5,695.5,434.5,378,729.5,598.5
"213",702,420.5,702,732.5,559.5,433.5,560.5,728.5,423.5,378,651.5,564
"214",702,420.5,702,732.5,514.5,470.5,580.5,750,408.5,378,700,637
"215",702,420.5,702,732.5,639.5,444.5,524.5,695.5,434.5,378,729.5,598.5
"216",702,420.5,702,732.5,559.5,433.5,560.5,728.5,423.5,378,651.5,564
"217",702,420.5,702,732.5,514.5,470.5,580.5,750,408.5,378,700,637
"218",702,420.5,702,732.5,639.5,444.5,524.5,695.5,434.5,378,729.5,598.5
"219",702,420.5,702,732.5,559.5,433.5,560.5,728.5,423.5,378,651.5,564
"220",702,420.5,702,732.5,514.5,470.5,580.5,750,408.5,378,700,637
"221",702,420.5,702,732.5,639.5,444.5,524.5,695.5,434.5,378,729.5,598.5
"222",702,420.5,702,732.5,559.5,433.5,560.5,728.5,423.5,378,651.5,564
"223",702,420.5,702,732.5,514.5,470.5,580.5,750,408.5,378,700,637
"224",702,420.5,702,732.5,639.5,444.5,524.5,695.5,434.5,378,729.5,598.5
"225",702,420.5,702,732.5,559.5,433.5,560.5,728.5,423.5,378,651.5,564
"226",702,420.5,702,732.5,514.5,470.5,580.5,750,408.5,378,700,637
"227",702,420.5,702,732.5,639.5,444.5,524.5,695.5,434.5,378,729.5,598.5
"228",702,420.5,702,732.5,559.5,433.5,560.5,728.5,423.5,378,651.5,564
"229",702,420.5,702,732.5,514.5,470.5,580.5,750,408.5,378,700,637
"231",702,420.5,702,732.5,514.5,470.5,580.5,750,408.5,378,700,637
"232",702,420.5,702,732.5,514.5,470.5,580.5,746,408.5,378,681,617
"233",702,420.5,702,732.5,519,402,678,801,378,378,770.5,726
"23",702,365.5,702,697.5,685,398,369,571,510,441,533.5,395
"25",702,365.5,702,697.5,685,398,369,571,510,441,533.5,395
"27",702,365.5,702,697.5,574.5,567.5,446.5,602.5,490.5,441,735.5,552.5
"28",702,365.5,702,697.5,582,366,548,667,494.5,441,683.5,653.5
"29",702,365.5,702,697.5,685,398,369,571,510,441,533.5,395
"30",702,365.5,702,697.5,613.5,514.5,412.5,594.5,501.5,441,646.5,503.5
"31",702,365.5,702,697.5,574.5,567.5,446.5,602.5,490.5,441,735.5,552.5
"32",702,365.5,702,697.5,582,366,548,667,494.5,441,683.5,653.5
"39",702,365.5,702,697.5,685,398,369,571,510,441,533.5,395
"41",702,365.5,702,697.5,574.5,567.5,446.5,602.5,490.5,441,735.5,552.5
"43",702,365.5,702,697.5,685,398,369,571,510,441,533.5,395
"46",702,365.5,702,697.5,685,398,369,571,510,441,533.5,395
"47",702,365.5,702,697.5,613.5,514.5,412.5,594.5,501.5,441,646.5,503.5
"48",702,365.5,702,697.5,574.5,567.5,446.5,602.5,490.5,441,735.5,552.5
"56",702,365.5,702,697.5,685,398,369,571,510,441,533.5,395
"59",702,365.5,702,697.5,582,366,548,667,493,441,677.5,652
"410",702,365.5,702,697.5,524.5,405.5,701.5,787,486,441,849,828
"411",702,365.5,702,697.5,488.5,458.5,718.5,792.5,480.5,441,853.5,836
"412",702,365.5,702,697.5,257,276,944,930,376,441,809,910
"413",702,365.5,702,697.5,524.5,405.5,701.5,787,486,441,849,828
"414",702,365.5,702,697.5,488.5,458.5,718.5,792.5,480.5,441,853.5,836
"415",702,365.5,702,697.5,609,394,670,776,496,441,856,819
"416",702,365.5,702,697.5,524.5,405.5,701.5,787,486,441,849,828
"417",702,365.5,702,697.5,257,276,944,930,376,441,809,910
"418",702,365.5,702,697.5,257,276,944,930,376,441,809,910
"424",702,365.5,702,697.5,488.5,458.5,718.5,792.5,480.5,441,853.5,836
"425",702,365.5,702,697.5,524.5,405.5,701.5,789,488,441,851,832
"426",702,365.5,702,697.5,488.5,458.5,718.5,792.5,480.5,441,853.5,836
"788",702,365.5,702,697.5,105.5,310,258.5,352.5,345.5,441,38,162.5
"794",702,365.5,702,697.5,105.5,310,258.5,352.5,345.5,441,38,162.5
"49",702,326,702,682,108,310,243,348,326,476,36,161
"787",702,302,702,680,448,272,479,576,591,492.5,430,480
"792",702,302,702,680,448,272,479,576,591,492.5,430,480
"793",702,302,702,680,448,272,479,576,591,492.5,430,480
"492",608.5,515.5,608.5,677.5,139.5,729.5,164.5,303.5,156.5,282.5,29.5,56.5
"493",608.5,515.5,608.5,677.5,139.5,729.5,164.5,303.5,156.5,282.5,29.5,56.5
"40",702,262.5,702,675.5,115,123,573,609,533,538.5,177.5,409
"423",702,262.5,702,675.5,53,27,715,685,171,538.5,80,329
"489",702,238,702,673.5,91,211,768,722,520,567,443,731
"490",702,238,702,673.5,116,114,699,683,552,567,313,633
"112",702,158.5,702,671.5,80,87,878,665,287,671.5,259,595
"230",702,158.5,702,671.5,49,16,897,718,110,671.5,152.5,466
"419",702,134.5,702,663.5,183,171,696,662,661,741,723.5,908
"420",702,134.5,702,663.5,152,180,736,680,645,741,751,917
"421",702,134.5,702,663.5,142,181,757,684,640,741,761,920
"422",702,134.5,702,663.5,101.5,76.5,919.5,912.5,440.5,741,795.5,946.5
"427",702,134.5,702,663.5,101.5,76.5,919.5,912.5,440.5,741,795.5,946.5
"491",702,134.5,702,663.5,30,89,922,692,4,741,166.5,444
"789",702,134.5,702,663.5,232.5,162.5,595.5,591.5,696.5,741,590.5,813.5
"796",702,134.5,702,663.5,232.5,162.5,595.5,591.5,696.5,741,590.5,813.5
"797",702,134.5,702,663.5,294.5,157.5,465.5,508.5,821.5,741,552.5,757.5
"798",702,134.5,702,663.5,232.5,162.5,595.5,591.5,696.5,741,590.5,813.5
"800",702,134.5,702,663.5,294.5,157.5,465.5,508.5,821.5,741,552.5,757.5
"801",702,134.5,702,663.5,273,146,482,519,811,741,526,751
"802",702,134.5,702,663.5,201,179,513,542,779,741,506,752
"803",702,134.5,702,663.5,232.5,162.5,595.5,591.5,696.5,741,590.5,813.5
"307",702,110.5,702,652.5,176,127,590,547,784,858,648,897
"581",702,110.5,702,652.5,81,35,859,545,254,858,244,594
"785",702,110.5,702,652.5,189,150,504,534,760,858,554,811
"786",702,110.5,702,652.5,147.5,356.5,550.5,562.5,699.5,858,788.5,900.5
"790",702,110.5,702,652.5,166.5,197.5,518.5,543.5,737.5,858,593.5,820.5
"791",702,110.5,702,652.5,147.5,356.5,550.5,562.5,699.5,858,788.5,900.5
"795",702,110.5,702,652.5,166.5,197.5,518.5,543.5,737.5,858,593.5,820.5
"799",702,110.5,702,652.5,25,23,930,891,1,858,310,721
"113",608.5,441,608.5,648,117,215,803,857,272,351,239,430
"60",608.5,384.5,608.5,643.5,149,303.5,250,342,335,414,33,152
"807",608.5,384.5,608.5,643.5,531.5,300.5,609.5,755.5,395.5,414,576.5,576.5
"810",608.5,384.5,608.5,643.5,531.5,300.5,609.5,755.5,395.5,414,576.5,576.5
"814",608.5,384.5,608.5,643.5,531.5,300.5,609.5,755.5,395.5,414,576.5,576.5
"815",608.5,384.5,608.5,643.5,620,333,505,646,414,414,498,411
"817",608.5,384.5,608.5,643.5,531.5,300.5,609.5,755.5,395.5,414,576.5,576.5
"818",608.5,384.5,608.5,643.5,269,237,226,364,298,414,35,140
"819",608.5,384.5,608.5,643.5,143,303.5,257,350,365,414,40,160
"234",608.5,327,608.5,639,265,48,741,790,449,464.5,325,602
"345",505.5,550.5,505.5,614.5,770,864.5,234,384,352,248,418,222
"346",505.5,550.5,505.5,614.5,667,476,868,927,220,248,860,768
"347",505.5,550.5,505.5,614.5,770,864.5,234,384,352,248,418,222
"348",505.5,550.5,505.5,614.5,770,864.5,234,384,352,248,418,222
"349",505.5,550.5,505.5,614.5,770,864.5,234,384,352,248,418,222
"352",505.5,550.5,505.5,614.5,770,864.5,234,384,352,248,418,222
"353",505.5,550.5,505.5,614.5,667,476,868,927,220,248,860,768
"356",505.5,550.5,505.5,614.5,770,864.5,234,384,352,248,418,222
"357",505.5,550.5,505.5,614.5,770,864.5,234,384,352,248,418,222
"362",505.5,550.5,505.5,614.5,770,864.5,234,384,352,248,418,222
"363",505.5,550.5,505.5,614.5,770,864.5,234,384,352,248,418,222
"364",505.5,550.5,505.5,614.5,667,476,868,927,220,248,860,768
"679",505.5,550.5,505.5,614.5,154.5,496.5,170.5,308.5,48.5,248,3.5,27.5
"680",505.5,550.5,505.5,614.5,154.5,496.5,170.5,308.5,48.5,248,3.5,27.5
"682",505.5,550.5,505.5,614.5,154.5,496.5,170.5,308.5,48.5,248,3.5,27.5
"683",505.5,550.5,505.5,614.5,154.5,496.5,170.5,308.5,48.5,248,3.5,27.5
"885",505.5,550.5,505.5,614.5,781.5,879.5,179.5,319.5,386.5,248,371.5,198.5
"886",505.5,550.5,505.5,614.5,633,615,555,818,216.5,248,656.5,417.5
"887",505.5,550.5,505.5,614.5,600,556,565,824,213,248,573,390
"888",505.5,550.5,505.5,614.5,570.5,628.5,587.5,832.5,209.5,248,643.5,427.5
"889",505.5,550.5,505.5,614.5,678.5,675.5,604.5,843.5,225.5,248,831.5,583.5
"890",505.5,550.5,505.5,614.5,781.5,879.5,179.5,319.5,386.5,248,371.5,198.5
"891",505.5,550.5,505.5,614.5,781.5,879.5,179.5,319.5,386.5,248,371.5,198.5
"892",505.5,550.5,505.5,614.5,781.5,879.5,179.5,319.5,386.5,248,371.5,198.5
"893",505.5,550.5,505.5,614.5,602.5,502.5,640.5,851.5,202.5,248,613.5,475.5
"894",505.5,550.5,505.5,614.5,781.5,879.5,179.5,319.5,386.5,248,371.5,198.5
"895",505.5,550.5,505.5,614.5,781.5,879.5,179.5,319.5,386.5,248,371.5,198.5
"896",505.5,550.5,505.5,614.5,633,615,555,818,216.5,248,656.5,417.5
"897",505.5,550.5,505.5,614.5,600,556,565,824,213,248,573,390
"898",505.5,550.5,505.5,614.5,570.5,628.5,587.5,832.5,209.5,248,643.5,427.5
"899",505.5,550.5,505.5,614.5,678.5,675.5,604.5,843.5,225.5,248,831.5,583.5
"900",505.5,550.5,505.5,614.5,781.5,879.5,179.5,319.5,386.5,248,371.5,198.5
"902",505.5,550.5,505.5,614.5,781.5,879.5,179.5,319.5,386.5,248,371.5,198.5
"903",505.5,550.5,505.5,614.5,678.5,675.5,604.5,843.5,225.5,248,831.5,583.5
"904",505.5,550.5,505.5,614.5,781.5,879.5,179.5,319.5,386.5,248,371.5,198.5
"905",505.5,550.5,505.5,614.5,678.5,675.5,604.5,843.5,225.5,248,831.5,583.5
"906",505.5,550.5,505.5,614.5,781.5,879.5,179.5,319.5,386.5,248,371.5,198.5
"907",505.5,550.5,505.5,614.5,781.5,879.5,179.5,319.5,386.5,248,371.5,198.5
"908",505.5,550.5,505.5,614.5,781.5,879.5,179.5,319.5,386.5,248,371.5,198.5
"910",505.5,550.5,505.5,614.5,602.5,502.5,640.5,851.5,202.5,248,613.5,475.5
"912",505.5,550.5,505.5,614.5,781.5,879.5,179.5,319.5,386.5,248,371.5,198.5
"913",505.5,550.5,505.5,614.5,600,556,565,824,213,248,573,390
"914",505.5,550.5,505.5,614.5,570.5,628.5,587.5,832.5,209.5,248,643.5,427.5
"915",505.5,550.5,505.5,614.5,678.5,675.5,604.5,843.5,225.5,248,831.5,583.5
"916",505.5,550.5,505.5,614.5,781.5,879.5,179.5,319.5,386.5,248,371.5,198.5
"917",505.5,550.5,505.5,614.5,633,615,555,818,215,248,655,415
"918",505.5,550.5,505.5,614.5,570.5,628.5,587.5,832.5,209.5,248,643.5,427.5
"919",505.5,550.5,505.5,614.5,678.5,675.5,604.5,843.5,225.5,248,831.5,583.5
"804",608.5,307.5,608.5,586.5,606,337,406,553,581,485,521,463
"805",608.5,307.5,608.5,586.5,550.5,261.5,438.5,564.5,576.5,485,441.5,422.5
"806",608.5,307.5,608.5,586.5,476,340,483,585,561,485,495,510
"808",608.5,307.5,608.5,586.5,606,337,406,553,581,485,521,463
"809",608.5,307.5,608.5,586.5,550.5,261.5,438.5,564.5,576.5,485,441.5,422.5
"811",608.5,307.5,608.5,586.5,606,337,406,553,581,485,521,463
"812",608.5,307.5,608.5,586.5,606,337,406,553,581,485,521,463
"813",608.5,307.5,608.5,586.5,606,337,406,553,581,485,521,463
"62",505.5,486.5,505.5,565.5,410,661,247,345,341,313,113,148
"63",505.5,486.5,505.5,565.5,410,661,247,345,341,313,113,148
"64",505.5,486.5,505.5,565.5,410,661,247,345,341,313,113,148
"65",505.5,486.5,505.5,565.5,410,661,247,345,341,313,113,148
"66",505.5,486.5,505.5,565.5,577,559,225,357,313,313,118,135
"67",505.5,486.5,505.5,565.5,307,173,755,858,241,313,247,385
"70",505.5,486.5,505.5,565.5,410,661,247,345,341,313,113,148
"117",505.5,486.5,505.5,565.5,268,209,298,372,427,313,46,166
"586",505.5,486.5,505.5,565.5,626.5,782.5,433.5,712.5,293,313,783,449
"587",505.5,486.5,505.5,565.5,565.5,788.5,469.5,737.5,283,313,775,485.5
"588",505.5,486.5,505.5,565.5,502.5,795.5,488.5,761.5,275.5,313,754.5,496.5
"589",505.5,486.5,505.5,565.5,502.5,795.5,488.5,761.5,275.5,313,754.5,496.5
"590",505.5,486.5,505.5,565.5,502.5,795.5,488.5,761.5,275.5,313,754.5,496.5
"591",505.5,486.5,505.5,565.5,357.5,763.5,636.5,782,301.5,313,765,621
"592",505.5,486.5,505.5,565.5,565.5,788.5,469.5,737.5,283,313,775,485.5
"593",505.5,486.5,505.5,565.5,502.5,795.5,488.5,761.5,275.5,313,754.5,496.5
"594",505.5,486.5,505.5,565.5,357.5,763.5,636.5,782,301.5,313,765,621
"596",505.5,486.5,505.5,565.5,626.5,782.5,433.5,712.5,293,313,783,449
"597",505.5,486.5,505.5,565.5,565.5,788.5,469.5,737.5,283,313,775,485.5
"598",505.5,486.5,505.5,565.5,502.5,795.5,488.5,761.5,275.5,313,754.5,496.5
"599",505.5,486.5,505.5,565.5,626.5,782.5,433.5,712.5,293,313,783,449
"600",505.5,486.5,505.5,565.5,357.5,763.5,636.5,782,301.5,313,765,621
"601",505.5,486.5,505.5,565.5,357.5,763.5,636.5,782,301.5,313,765,621
"602",505.5,486.5,505.5,565.5,626.5,782.5,433.5,712.5,293,313,783,449
"603",505.5,486.5,505.5,565.5,565.5,788.5,469.5,737.5,283,313,775,485.5
"604",505.5,486.5,505.5,565.5,502.5,795.5,488.5,761.5,275.5,313,754.5,496.5
"605",505.5,486.5,505.5,565.5,357.5,763.5,636.5,782,301.5,313,765,621
"607",505.5,486.5,505.5,565.5,626.5,782.5,433.5,712.5,293,313,783,449
"608",505.5,486.5,505.5,565.5,565.5,788.5,469.5,737.5,286,313,779.5,490
"609",505.5,486.5,505.5,565.5,502.5,795.5,488.5,761.5,279.5,313,758.5,506.5
"610",505.5,486.5,505.5,565.5,626.5,782.5,433.5,712.5,290,313,778,445
"611",505.5,486.5,505.5,565.5,565.5,788.5,469.5,737.5,283,313,775,485.5
"612",505.5,486.5,505.5,565.5,502.5,795.5,488.5,761.5,279.5,313,758.5,506.5
"613",505.5,486.5,505.5,565.5,357.5,763.5,636.5,779,301.5,313,762,616
"61",608.5,293,608.5,547,70,270,244,351,296,497.5,24,158
"430",608.5,293,608.5,547,55,30,873,557,218,497.5,84,337
"816",608.5,293,608.5,547,480,243,421,550,621,497.5,386,410
"820",608.5,273,608.5,537,444,140,411,531,662,519,285,384
"868",608.5,273,608.5,537,266.5,186.5,364.5,493.5,600.5,519,149.5,321.5
"869",608.5,273,608.5,537,191,177,396,525,588,519,134,326
"870",608.5,273,608.5,537,424,484,357,474,626,519,452,401
"871",608.5,273,608.5,537,554,330,340,438,654,519,399,371
"872",608.5,273,608.5,537,554,330,340,438,654,519,399,371
"873",608.5,273,608.5,537,497,438,349,445,643,519,463,387
"874",608.5,273,608.5,537,424,484,357,474,626,519,452,401
"875",608.5,273,608.5,537,554,330,340,438,654,519,399,371
"876",608.5,273,608.5,537,497,438,349,445,643,519,463,387
"877",608.5,273,608.5,537,424,484,357,474,626,519,452,401
"878",608.5,273,608.5,537,554,330,340,438,654,519,399,371
"879",608.5,273,608.5,537,424,484,357,474,626,519,452,401
"880",608.5,273,608.5,537,554,330,340,438,654,519,399,371
"881",608.5,273,608.5,537,424,484,357,474,626,519,452,401
"882",608.5,273,608.5,537,266.5,186.5,364.5,493.5,600.5,519,149.5,321.5
"884",608.5,273,608.5,537,497,438,349,445,643,519,463,387
"115",505.5,443.5,505.5,527.5,182,152,792,853,267,346.5,237,419
"237",505.5,443.5,505.5,527.5,455,359,650,802,327,346.5,501,519
"883",608.5,240,608.5,526,160,85,633,558,344,553,116,331
"365",377.5,622.5,377.5,500.5,279.5,631.5,151.5,299.5,124.5,183,19.5,24.5
"370",377.5,622.5,377.5,500.5,279.5,631.5,151.5,299.5,124.5,183,19.5,24.5
"614",377.5,622.5,377.5,500.5,795.5,915.5,139.5,290.5,681.5,183,564.5,257.5
"615",377.5,622.5,377.5,500.5,760,699,533,828,206,183,802.5,472
"616",377.5,622.5,377.5,500.5,795.5,915.5,139.5,290.5,681.5,183,564.5,257.5
"618",377.5,622.5,377.5,500.5,795.5,915.5,139.5,290.5,681.5,183,564.5,257.5
"621",377.5,622.5,377.5,500.5,795.5,915.5,139.5,290.5,681.5,183,564.5,257.5
"623",377.5,622.5,377.5,500.5,795.5,915.5,139.5,290.5,681.5,183,564.5,257.5
"627",377.5,622.5,377.5,500.5,795.5,915.5,139.5,290.5,681.5,183,564.5,257.5
"628",377.5,622.5,377.5,500.5,760,699,533,828,206,183,802.5,472
"629",377.5,622.5,377.5,500.5,795.5,915.5,139.5,290.5,681.5,183,564.5,257.5
"630",377.5,622.5,377.5,500.5,795.5,915.5,139.5,290.5,681.5,183,564.5,257.5
"634",377.5,622.5,377.5,500.5,795.5,915.5,139.5,290.5,681.5,183,564.5,257.5
"635",377.5,622.5,377.5,500.5,795.5,915.5,139.5,290.5,681.5,183,564.5,257.5
"639",377.5,622.5,377.5,500.5,795.5,915.5,139.5,290.5,681.5,183,564.5,257.5
"640",377.5,622.5,377.5,500.5,795.5,915.5,139.5,290.5,681.5,183,564.5,257.5
"641",377.5,622.5,377.5,500.5,760,699,533,828,206,183,802.5,472
"642",377.5,622.5,377.5,500.5,795.5,915.5,139.5,290.5,681.5,183,564.5,257.5
"643",377.5,622.5,377.5,500.5,795.5,915.5,139.5,290.5,681.5,183,564.5,257.5
"684",377.5,622.5,377.5,500.5,749.5,688.5,731.5,873.5,197.5,183,865.5,667.5
"685",377.5,622.5,377.5,500.5,738.5,716.5,747.5,885.5,190.5,183,878.5,691.5
"686",377.5,622.5,377.5,500.5,731.5,723.5,762.5,899.5,183.5,183,890.5,707.5
"687",377.5,622.5,377.5,500.5,483,828,888,919,251,183,909,780
"688",377.5,622.5,377.5,500.5,749.5,688.5,731.5,873.5,197.5,183,865.5,667.5
"689",377.5,622.5,377.5,500.5,738.5,716.5,747.5,885.5,190.5,183,878.5,691.5
"690",377.5,622.5,377.5,500.5,731.5,723.5,762.5,899.5,183.5,183,890.5,707.5
"691",377.5,622.5,377.5,500.5,483,828,888,919,251,183,909,780
"692",377.5,622.5,377.5,500.5,749.5,688.5,731.5,873.5,197.5,183,865.5,667.5
"693",377.5,622.5,377.5,500.5,738.5,716.5,747.5,885.5,190.5,183,878.5,691.5
"694",377.5,622.5,377.5,500.5,731.5,723.5,762.5,899.5,183.5,183,890.5,707.5
"695",377.5,622.5,377.5,500.5,483,828,888,919,251,183,909,780
"696",377.5,622.5,377.5,500.5,749.5,688.5,731.5,873.5,197.5,183,865.5,667.5
"697",377.5,622.5,377.5,500.5,738.5,716.5,747.5,885.5,190.5,183,878.5,691.5
"698",377.5,622.5,377.5,500.5,731.5,723.5,762.5,899.5,183.5,183,890.5,707.5
"700",377.5,622.5,377.5,500.5,749.5,688.5,731.5,873.5,197.5,183,865.5,667.5
"701",377.5,622.5,377.5,500.5,738.5,716.5,747.5,885.5,190.5,183,878.5,691.5
"702",377.5,622.5,377.5,500.5,731.5,723.5,762.5,899.5,183.5,183,890.5,707.5
"703",377.5,622.5,377.5,500.5,483,828,888,919,251,183,909,780
"704",377.5,622.5,377.5,500.5,749.5,688.5,731.5,873.5,197.5,183,865.5,667.5
"705",377.5,622.5,377.5,500.5,738.5,716.5,747.5,885.5,190.5,183,878.5,691.5
"706",377.5,622.5,377.5,500.5,731.5,723.5,762.5,899.5,183.5,183,890.5,707.5
"707",377.5,622.5,377.5,500.5,483,828,888,919,251,183,909,780
"710",377.5,622.5,377.5,500.5,227,887,318,359,631,183,238,238.5
"718",377.5,622.5,377.5,500.5,749.5,688.5,731.5,873.5,197.5,183,865.5,667.5
"719",377.5,622.5,377.5,500.5,731.5,723.5,762.5,899.5,183.5,183,890.5,707.5
"721",377.5,622.5,377.5,500.5,749.5,688.5,731.5,873.5,197.5,183,865.5,667.5
"722",377.5,622.5,377.5,500.5,731.5,723.5,762.5,899.5,183.5,183,890.5,707.5
"824",377.5,622.5,377.5,500.5,83,516,167,312,33,183,1,23
"920",377.5,622.5,377.5,500.5,527.5,759.5,156.5,301.5,132.5,183,56.5,41
"921",377.5,622.5,377.5,500.5,527.5,759.5,156.5,301.5,132.5,183,56.5,41
"308",608.5,185.5,608.5,455.5,650.5,737.5,383.5,453.5,941.5,596,927.5,847.5
"309",608.5,185.5,608.5,455.5,650.5,737.5,383.5,453.5,941.5,596,927.5,847.5
"310",608.5,185.5,608.5,455.5,541.5,753.5,459.5,500.5,919.5,596,939.5,890.5
"311",608.5,185.5,608.5,455.5,650.5,737.5,383.5,453.5,941.5,596,927.5,847.5
"312",608.5,185.5,608.5,455.5,594,668,426,484,930,596,916,870
"313",608.5,185.5,608.5,455.5,541.5,753.5,459.5,500.5,919.5,596,939.5,890.5
"314",608.5,185.5,608.5,455.5,650.5,737.5,383.5,453.5,941.5,596,927.5,847.5
"315",608.5,185.5,608.5,455.5,594,668,426,484,930,596,916,870
"316",608.5,185.5,608.5,455.5,541.5,753.5,459.5,500.5,919.5,596,939.5,890.5
"317",608.5,185.5,608.5,455.5,419.5,594.5,711.5,643.5,843.5,596,946.5,937.5
"318",608.5,185.5,608.5,455.5,541.5,753.5,459.5,500.5,919.5,596,939.5,890.5
"319",608.5,185.5,608.5,455.5,650.5,737.5,383.5,453.5,941.5,596,927.5,847.5
"320",608.5,185.5,608.5,455.5,650.5,737.5,383.5,453.5,941.5,596,927.5,847.5
"321",608.5,185.5,608.5,455.5,594,668,426,484,930,596,916,870
"322",608.5,185.5,608.5,455.5,650.5,737.5,383.5,453.5,941.5,596,927.5,847.5
"323",608.5,185.5,608.5,455.5,594,668,426,484,930,596,916,870
"324",608.5,185.5,608.5,455.5,541.5,753.5,459.5,500.5,919.5,596,939.5,890.5
"325",608.5,185.5,608.5,455.5,650.5,737.5,383.5,453.5,941.5,596,927.5,847.5
"326",608.5,185.5,608.5,455.5,594,668,426,484,930,596,916,870
"327",608.5,185.5,608.5,455.5,541.5,753.5,459.5,500.5,919.5,596,939.5,890.5
"328",608.5,185.5,608.5,455.5,650.5,737.5,383.5,453.5,941.5,596,927.5,847.5
"329",608.5,185.5,608.5,455.5,594,668,426,484,930,596,916,870
"330",608.5,185.5,608.5,455.5,541.5,753.5,459.5,500.5,919.5,596,939.5,890.5
"331",608.5,185.5,608.5,455.5,650.5,737.5,383.5,453.5,941.5,596,927.5,847.5
"332",608.5,185.5,608.5,455.5,594,668,426,484,930,596,916,870
"333",608.5,185.5,608.5,455.5,541.5,753.5,459.5,500.5,919.5,596,939.5,890.5
"334",608.5,185.5,608.5,455.5,419.5,594.5,711.5,643.5,843.5,596,946.5,937.5
"335",608.5,185.5,608.5,455.5,650.5,737.5,383.5,453.5,941.5,596,927.5,847.5
"336",608.5,185.5,608.5,455.5,650.5,737.5,383.5,453.5,941.5,596,927.5,847.5
"337",608.5,185.5,608.5,455.5,419.5,594.5,711.5,643.5,843.5,596,946.5,937.5
"338",608.5,185.5,608.5,455.5,650.5,737.5,383.5,453.5,941.5,596,927.5,847.5
"339",608.5,185.5,608.5,455.5,594,668,426,484,930,596,916,870
"340",608.5,185.5,608.5,455.5,541.5,753.5,459.5,500.5,919.5,596,939.5,890.5
"341",608.5,185.5,608.5,455.5,419.5,594.5,711.5,643.5,843.5,596,946.5,937.5
"342",608.5,185.5,608.5,455.5,650.5,737.5,383.5,453.5,941.5,596,927.5,847.5
"343",608.5,185.5,608.5,455.5,594,668,426,484,930,596,916,870
"344",608.5,185.5,608.5,455.5,541.5,753.5,459.5,500.5,919.5,596,939.5,890.5
"428",608.5,185.5,608.5,455.5,272,117,671,678,611,596,503,743
"429",608.5,185.5,608.5,455.5,171,182,727,702,596,596,533.5,785
"585",608.5,185.5,608.5,455.5,121,184,391,491,614,596,138,338
"582",608.5,151.5,608.5,434.5,162,43,437,492,636,653,145,380
"583",608.5,151.5,608.5,434.5,457,156,322,412,851,653,413,530
"114",505.5,393,505.5,429,179,454,276,368,418,378,62,188
"116",505.5,393,505.5,429,179,454,276,368,418,378,62,188
"121",505.5,393,505.5,429,179,454,276,368,418,378,62,188
"122",505.5,393,505.5,429,179,454,276,368,418,378,62,188
"123",505.5,393,505.5,429,179,454,276,368,418,378,62,188
"235",505.5,393,505.5,429,163,199,870,840,364,378,387,656
"358",505.5,393,505.5,429,611.5,646,261.5,377.5,514.5,378,362,276.5
"359",505.5,393,505.5,429,611.5,646,261.5,377.5,514.5,378,362,276.5
"821",505.5,393,505.5,429,334,318,738,806,347,378,475,572
"584",608.5,106,608.5,424,59,244,223,265,152,701.5,17,145
"708",377.5,511.5,377.5,421.5,86.5,598.5,393.5,339.5,536.5,282.5,86.5,228.5
"713",377.5,511.5,377.5,421.5,86.5,598.5,393.5,339.5,536.5,282.5,86.5,228.5
"717",377.5,511.5,377.5,421.5,86.5,598.5,393.5,339.5,536.5,282.5,86.5,228.5
"720",377.5,511.5,377.5,421.5,86.5,598.5,393.5,339.5,536.5,282.5,86.5,228.5
"75",200,720.5,200,346.5,803,864.5,195,73.5,246,73.5,90,18
"76",200,720.5,200,346.5,804,478.5,657.5,73.5,71.5,73.5,75,60
"77",200,720.5,200,346.5,805,451,668,73.5,70,73.5,72,62
"78",200,720.5,200,346.5,806,712.5,154.5,73.5,41.5,73.5,43,6
"79",200,720.5,200,346.5,807,481,680,73.5,69,73.5,79,63
"80",200,720.5,200,346.5,808,683.5,722.5,73.5,114.5,73.5,164,74
"81",200,720.5,200,346.5,809,864.5,195,73.5,246,73.5,94,19
"82",200,720.5,200,346.5,810,864.5,195,73.5,246,73.5,95,20
"83",200,720.5,200,346.5,811,864.5,195,73.5,246,73.5,96,21
"84",200,720.5,200,346.5,812,478.5,657.5,73.5,71.5,73.5,76,61
"85",200,720.5,200,346.5,813,712.5,154.5,73.5,41.5,73.5,44,7
"86",200,720.5,200,346.5,814,683.5,722.5,73.5,114.5,73.5,170,78
"87",200,720.5,200,346.5,815,864.5,195,73.5,246,73.5,97,22
"134",200,720.5,200,346.5,816,904.5,217.5,73.5,321.5,73.5,139,35
"135",200,720.5,200,346.5,817,637.5,805.5,73.5,84.5,73.5,177.5,93.5
"136",200,720.5,200,346.5,818,624.5,811.5,73.5,79.5,73.5,168,86.5
"137",200,720.5,200,346.5,819,814,149,73.5,53,73.5,50,9
"138",200,720.5,200,346.5,820,641.5,815.5,73.5,75.5,73.5,180,98.5
"139",200,720.5,200,346.5,821,834,845,73.5,129,73.5,350,180
"140",200,720.5,200,346.5,822,904.5,217.5,73.5,321.5,73.5,140,36
"143",200,720.5,200,346.5,823,904.5,217.5,73.5,321.5,73.5,141,37.5
"146",200,720.5,200,346.5,824,834,845,73.5,129,73.5,352,181
"147",200,720.5,200,346.5,825,904.5,217.5,73.5,321.5,73.5,142,39
"148",200,720.5,200,346.5,826,637.5,805.5,73.5,84.5,73.5,181,98.5
"149",200,720.5,200,346.5,827,624.5,811.5,73.5,79.5,73.5,174,91.5
"150",200,720.5,200,346.5,828,641.5,815.5,73.5,75.5,73.5,188,110
"151",200,720.5,200,346.5,829,834,845,73.5,129,73.5,355.5,183
"155",200,720.5,200,346.5,830,904.5,217.5,73.5,321.5,73.5,144,41
"156",200,720.5,200,346.5,831,637.5,805.5,73.5,84.5,73.5,187,107
"157",200,720.5,200,346.5,832,624.5,811.5,73.5,79.5,73.5,179,97
"158",200,720.5,200,346.5,833,814,149,73.5,53,73.5,51,10.5
"159",200,720.5,200,346.5,834,641.5,815.5,73.5,75.5,73.5,192,111
"160",200,720.5,200,346.5,835,834,845,73.5,129,73.5,364,185
"161",200,720.5,200,346.5,836,904.5,217.5,73.5,321.5,73.5,146,43
"163",200,720.5,200,346.5,837,904.5,217.5,73.5,321.5,73.5,147,44
"164",200,720.5,200,346.5,838,831,858,73.5,109,73.5,353,175
"165",200,720.5,200,346.5,839,904.5,217.5,73.5,321.5,73.5,148,45
"166",200,720.5,200,346.5,840,637.5,805.5,73.5,84.5,73.5,193.5,112.5
"167",200,720.5,200,346.5,841,624.5,811.5,73.5,79.5,73.5,186,107
"168",200,720.5,200,346.5,842,814,149,73.5,53,73.5,52,12
"169",200,720.5,200,346.5,843,641.5,815.5,73.5,75.5,73.5,200.5,116
"170",200,720.5,200,346.5,844,834,845,73.5,129,73.5,381.5,191
"240",200,720.5,200,346.5,845,925.5,189.5,73.5,401.5,73.5,189,52
"241",200,720.5,200,346.5,846,489.5,751.5,73.5,107.5,73.5,117,66
"242",200,720.5,200,346.5,847,487,767,73.5,106,73.5,121,71
"243",200,720.5,200,346.5,848,728,163,73.5,39,73.5,49,8
"244",200,720.5,200,346.5,849,488,773,73.5,105,73.5,125,76.5
"245",200,720.5,200,346.5,850,746.5,796.5,73.5,137.5,73.5,269,141
"247",200,720.5,200,346.5,851,925.5,189.5,73.5,401.5,73.5,193.5,53
"248",200,720.5,200,346.5,852,746.5,796.5,73.5,137.5,73.5,271,142
"249",200,720.5,200,346.5,853,925.5,189.5,73.5,401.5,73.5,195.5,54
"254",200,720.5,200,346.5,854,925.5,189.5,73.5,401.5,73.5,197,55
"255",200,720.5,200,346.5,855,489.5,751.5,73.5,107.5,73.5,119,67
"256",200,720.5,200,346.5,856,558,168,73.5,19,73.5,27,5
"257",200,720.5,200,346.5,857,746.5,796.5,73.5,137.5,73.5,273,143
"258",200,720.5,200,346.5,858,925.5,189.5,73.5,401.5,73.5,199,58
"260",200,720.5,200,346.5,859,925.5,189.5,73.5,401.5,73.5,200.5,59
"261",200,720.5,200,346.5,860,746.5,796.5,73.5,137.5,73.5,277,144
"379",200,720.5,200,346.5,861,380.5,828.5,73.5,61.5,73.5,99,69
"380",200,720.5,200,346.5,862,390.5,836.5,73.5,59.5,73.5,105,74
"381",200,720.5,200,346.5,863,380.5,828.5,73.5,61.5,73.5,102,70
"382",200,720.5,200,346.5,864,390.5,836.5,73.5,59.5,73.5,107,76.5
"431",200,720.5,200,346.5,865,934,284,73.5,472,73.5,282,79
"432",200,720.5,200,346.5,866,562.5,832.5,73.5,101.5,73.5,191,117
"433",200,720.5,200,346.5,867,574,840,73.5,96,73.5,203,120
"434",200,720.5,200,346.5,868,501,147,73.5,27,73.5,21,2
"435",200,720.5,200,346.5,869,580.5,850.5,73.5,90.5,73.5,219,126
"436",200,720.5,200,346.5,870,891,882,73.5,236,73.5,596,265
"437",200,720.5,200,346.5,871,934,284,73.5,472,73.5,286,80
"438",200,720.5,200,346.5,872,934,284,73.5,472,73.5,287.5,81
"439",200,720.5,200,346.5,873,562.5,832.5,73.5,101.5,73.5,195.5,118
"440",200,720.5,200,346.5,874,580.5,850.5,73.5,90.5,73.5,224,129
"441",200,720.5,200,346.5,875,891,882,73.5,236,73.5,599.5,266
"442",200,720.5,200,346.5,876,934,284,73.5,472,73.5,291,82
"443",200,720.5,200,346.5,877,562.5,832.5,73.5,101.5,73.5,198,119
"444",200,720.5,200,346.5,878,574,840,73.5,96,73.5,216.5,123
"445",200,720.5,200,346.5,879,580.5,850.5,73.5,90.5,73.5,226,130
"446",200,720.5,200,346.5,880,891,882,73.5,236,73.5,603,267
"447",200,720.5,200,346.5,881,934,284,73.5,472,73.5,303,86.5
"448",200,720.5,200,346.5,882,934,284,73.5,472,73.5,304,88
"449",200,720.5,200,346.5,883,562.5,832.5,73.5,101.5,73.5,214,121
"450",200,720.5,200,346.5,884,574,840,73.5,96,73.5,223,125
"451",200,720.5,200,346.5,885,426,132,73.5,35,73.5,15,1
"452",200,720.5,200,346.5,886,580.5,850.5,73.5,90.5,73.5,229,131.5
"453",200,720.5,200,346.5,887,891,882,73.5,236,73.5,605,268
"454",200,720.5,200,346.5,888,934,284,73.5,472,73.5,307.5,90
"455",200,720.5,200,346.5,889,934,284,73.5,472,73.5,309,91.5
"456",200,720.5,200,346.5,890,562.5,832.5,73.5,101.5,73.5,215,122
"457",200,720.5,200,346.5,891,574,840,73.5,96,73.5,227,127
"458",200,720.5,200,346.5,892,580.5,850.5,73.5,90.5,73.5,233,133
"459",200,720.5,200,346.5,893,891,882,73.5,236,73.5,616,271
"460",200,720.5,200,346.5,894,934,284,73.5,472,73.5,313,95.5
"461",200,720.5,200,346.5,895,562.5,832.5,73.5,101.5,73.5,221,124
"462",200,720.5,200,346.5,896,574,840,73.5,96,73.5,228,128
"463",200,720.5,200,346.5,897,580.5,850.5,73.5,90.5,73.5,234,134
"464",200,720.5,200,346.5,898,891,882,73.5,236,73.5,627,275
"465",200,720.5,200,346.5,899,934,284,73.5,472,73.5,316,100.5
"466",200,720.5,200,346.5,900,934,284,73.5,472,73.5,317,102
"467",200,720.5,200,346.5,901,891,882,73.5,236,73.5,633,278
"524",200,720.5,200,346.5,902,897.5,253.5,73.5,261.5,73.5,152.5,30
"525",200,720.5,200,346.5,903,523,776,73.5,117,73.5,155,83
"526",200,720.5,200,346.5,904,526,784,73.5,112,73.5,158,84
"527",200,720.5,200,346.5,905,843.5,822.5,73.5,146.5,73.5,432,208
"529",200,720.5,200,346.5,906,897.5,253.5,73.5,261.5,73.5,154,31
"531",200,720.5,200,346.5,907,843.5,822.5,73.5,146.5,73.5,433.5,209
"532",200,720.5,200,346.5,908,897.5,253.5,73.5,261.5,73.5,156,32
"535",200,720.5,200,346.5,909,843.5,822.5,73.5,146.5,73.5,435,210
"538",200,720.5,200,346.5,910,897.5,253.5,73.5,261.5,73.5,157,33
"539",200,720.5,200,346.5,911,334,799,73.5,31,73.5,83,65
"540",200,720.5,200,346.5,912,523,776,73.5,117,73.5,163,85
"541",200,720.5,200,346.5,913,526,784,73.5,112,73.5,171.5,93.5
"542",200,720.5,200,346.5,914,843.5,822.5,73.5,146.5,73.5,437,211
"543",200,720.5,200,346.5,915,897.5,253.5,73.5,261.5,73.5,162,34
"544",200,720.5,200,346.5,916,843.5,822.5,73.5,146.5,73.5,440,212
"545",200,720.5,200,346.5,917,897.5,253.5,73.5,261.5,73.5,165,37.5
"546",200,720.5,200,346.5,918,523,776,73.5,117,73.5,169,89
"547",200,720.5,200,346.5,919,526,784,73.5,112,73.5,173,95.5
"548",200,720.5,200,346.5,920,843.5,822.5,73.5,146.5,73.5,444,213
"644",200,720.5,200,346.5,921,816.5,158.5,73.5,36.5,73.5,66.5,13
"645",200,720.5,200,346.5,922,816.5,158.5,73.5,36.5,73.5,68,14
"723",200,720.5,200,346.5,923,944,202,73.5,544,73.5,326,100.5
"724",200,720.5,200,346.5,924,847.5,808.5,73.5,178.5,73.5,472,215
"725",200,720.5,200,346.5,925,944,202,73.5,544,73.5,328,103
"728",200,720.5,200,346.5,926,944,202,73.5,544,73.5,329,104
"729",200,720.5,200,346.5,927,944,202,73.5,544,73.5,330,105
"730",200,720.5,200,346.5,928,944,202,73.5,544,73.5,331,107
"732",200,720.5,200,346.5,929,944,202,73.5,544,73.5,332,109
"733",200,720.5,200,346.5,930,847.5,808.5,73.5,178.5,73.5,474,216
"734",200,720.5,200,346.5,931,944,202,73.5,544,73.5,337.5,112.5
"735",200,720.5,200,346.5,932,944,202,73.5,544,73.5,343,114
"736",200,720.5,200,346.5,933,944,202,73.5,544,73.5,344,115
"738",200,720.5,200,346.5,934,266.5,786.5,73.5,122.5,73.5,91,72
"740",200,720.5,200,346.5,935,266.5,786.5,73.5,122.5,73.5,92,74
"827",200,720.5,200,346.5,936,838,208,73.5,164,73.5,103,15
"828",200,720.5,200,346.5,937,613,162,73.5,44,73.5,47,10.5
"829",200,720.5,200,346.5,938,838,208,73.5,164,73.5,104,16
"830",200,720.5,200,346.5,939,838,208,73.5,164,73.5,106,17
"834",200,720.5,200,346.5,940,183,782,73.5,55,73.5,69,64
"933",200,720.5,200,346.5,941,251.5,621.5,73.5,63.5,73.5,53,46
"934",200,720.5,200,346.5,942,280.5,631.5,73.5,65.5,73.5,58,48
"935",200,720.5,200,346.5,943,282.5,646.5,73.5,57.5,73.5,65,50
"937",200,720.5,200,346.5,944,251.5,621.5,73.5,63.5,73.5,54,47
"938",200,720.5,200,346.5,945,280.5,631.5,73.5,65.5,73.5,59,49
"939",200,720.5,200,346.5,946,282.5,646.5,73.5,57.5,73.5,66.5,51
"943",200,720.5,200,346.5,947,169.5,160.5,73.5,45.5,73.5,6,3
"944",200,720.5,200,346.5,948,169.5,160.5,73.5,45.5,73.5,7,4
"498",505.5,328,505.5,273,174,168,740,785,431,441,318,550
"350",505.5,314.5,505.5,269.5,661,393,476,596,639,476,811,724
"351",505.5,314.5,505.5,269.5,621,425,497,607,632,476,823,735
"355",505.5,314.5,505.5,269.5,536,312,687,766,620,476,857,884
"496",505.5,314.5,505.5,269.5,291.5,370.5,651.5,723.5,483.5,476,555.5,695.5
"499",505.5,314.5,505.5,269.5,291.5,370.5,651.5,723.5,483.5,476,555.5,695.5
"901",505.5,314.5,505.5,269.5,277,149,538,650,466,476,230,374
"508",377.5,449.5,377.5,263.5,630.5,225.5,629.5,803.5,336.5,341,517.5,520.5
"509",377.5,449.5,377.5,263.5,529,290,669,821,328,341,544,548
"510",377.5,449.5,377.5,263.5,630.5,225.5,629.5,803.5,336.5,341,517.5,520.5
"516",377.5,449.5,377.5,263.5,74,298,947,882,204,341,320,542
"519",377.5,449.5,377.5,263.5,622.5,212.5,644.5,807.5,330.5,341,509.5,524.5
"522",377.5,449.5,377.5,263.5,622.5,212.5,644.5,807.5,330.5,341,509.5,524.5
"246",200,521,200,256,587,855,293,332,572,248,459,286
"250",200,521,200,256,492,542,855,893,256,248,836,755
"251",200,521,200,256,587,855,293,332,572,248,459,286
"259",200,521,200,256,492,542,855,893,256,248,836,755
"263",200,521,200,256,587,855,293,332,572,248,459,286
"268",200,521,200,256,587,855,293,332,572,248,459,286
"269",200,521,200,256,492,542,855,893,256,248,836,755
"270",200,521,200,256,587,855,293,332,572,248,459,286
"647",200,521,200,256,520,840,222,282,665,248,351,240
"90",45,586,45,240,495,601,227,358,288,183,74,68
"276",45,586,45,240,742.5,429.5,706.5,862.5,173.5,183,679.5,508.5
"277",45,586,45,240,717,465,737,881,172,183,768,559
"285",45,586,45,240,756.5,440.5,672.5,860.5,175.5,183,658.5,468
"287",45,586,45,240,756.5,440.5,672.5,860.5,175.5,183,658.5,468
"288",45,586,45,240,742.5,429.5,706.5,862.5,173.5,183,679.5,508.5
"468",45,586,45,240,46,872,948,398,297,183,319,325
"835",45,586,45,240,664,449,725,866.5,159,183,608.5,452.5
"836",45,586,45,240,659,492,743,879,154,183,711,537
"837",45,586,45,240,534.5,507.5,770.5,905.5,150.5,183,621.5,522.5
"838",45,586,45,240,725.5,680.5,789.5,908.5,168.5,183,873.5,714.5
"839",45,586,45,240,763.5,850.5,211.5,361.5,306.5,183,266.5,137.5
"841",45,586,45,240,763.5,850.5,211.5,361.5,306.5,183,266.5,137.5
"842",45,586,45,240,664,449,725,866.5,159,183,608.5,452.5
"843",45,586,45,240,659,492,743,879,154,183,711,537
"844",45,586,45,240,534.5,507.5,770.5,905.5,150.5,183,621.5,522.5
"845",45,586,45,240,725.5,680.5,789.5,908.5,168.5,183,873.5,714.5
"846",45,586,45,240,763.5,850.5,211.5,361.5,306.5,183,266.5,137.5
"847",45,586,45,240,763.5,850.5,211.5,361.5,306.5,183,266.5,137.5
"848",45,586,45,240,659,492,743,879,154,183,711,537
"850",45,586,45,240,725.5,680.5,789.5,908.5,168.5,183,873.5,714.5
"851",45,586,45,240,664,449,725,868,159,183,615,468
"852",45,586,45,240,725.5,680.5,789.5,908.5,168.5,183,873.5,714.5
"507",377.5,399,377.5,227,317,292,864,855,371,351,618.5,745
"520",377.5,399,377.5,227,317,292,864,855,371,351,618.5,745
"523",377.5,399,377.5,227,317,292,864,855,371,351,618.5,745
"69",505.5,284,505.5,224,58,55,877,701,67,502,93,339
"354",505.5,284,505.5,224,66,204,290,379,363,502,34,214
"822",505.5,284,505.5,224,427,217,552,612,613,502,477,587
"528",200,462,200,215,696.5,343.5,270.5,393,361,313,131,177.5
"530",200,462,200,215,719.5,415.5,616.5,813,315.5,313,798,675
"533",200,462,200,215,719.5,415.5,616.5,813,315.5,313,798,675
"534",200,462,200,215,669.5,427.5,653.5,836,309.5,313,802.5,702
"536",200,462,200,215,696.5,343.5,270.5,393,361,313,131,177.5
"549",200,462,200,215,696.5,343.5,270.5,393,361,313,131,177.5
"550",200,462,200,215,696.5,343.5,270.5,390,358,313,128,170
"551",200,462,200,215,696.5,343.5,270.5,390,358,313,128,170
"552",200,462,200,215,696.5,343.5,270.5,390,358,313,128,170
"553",200,462,200,215,719.5,415.5,616.5,813,315.5,313,798,675
"554",200,462,200,215,719.5,415.5,616.5,811,315.5,313,794,663
"555",200,462,200,215,669.5,427.5,653.5,837,309.5,313,805,703
"831",200,462,200,215,579,646,241,355,367.5,313,182.5,167.5
"832",200,462,200,215,579,646,241,355,369,313,184.5,172
"833",200,462,200,215,579,646,241,355,367.5,313,182.5,167.5
"286",45,506.5,45,204.5,157,203,304,329,517,282.5,32,173
"556",45,506.5,45,204.5,758,424,614,830,270,282.5,791,611
"558",45,506.5,45,204.5,754.5,324.5,627.5,838.5,268.5,282.5,662.5,540.5
"559",45,506.5,45,204.5,722.5,499.5,655.5,849.5,265.5,282.5,827.5,687.5
"560",45,506.5,45,204.5,754.5,324.5,627.5,838.5,268.5,282.5,662.5,540.5
"564",45,506.5,45,204.5,722.5,499.5,655.5,849.5,265.5,282.5,827.5,687.5
"236",505.5,244.5,505.5,198.5,32,25,905,777,2,538.5,101,354
"494",505.5,244.5,505.5,198.5,130.5,110.5,694.5,686.5,549.5,538.5,289.5,591.5
"497",505.5,244.5,505.5,198.5,130.5,110.5,694.5,686.5,549.5,538.5,289.5,591.5
"500",505.5,244.5,505.5,198.5,114,236,716,707,532,538.5,407,698
"501",505.5,244.5,505.5,198.5,122,74,871,809,478,538.5,465,787
"595",505.5,244.5,505.5,198.5,510,229,329,421,651,538.5,270,332
"71",377.5,337.5,377.5,189.5,509,509,493,659,428,414,586,489
"72",377.5,337.5,377.5,189.5,456,513,514,669,413,414,545,474
"73",377.5,337.5,377.5,189.5,584,512,451,631,439,414,599.5,446
"74",377.5,337.5,377.5,189.5,450,464,598,743,398,414,634,610
"366",377.5,337.5,377.5,189.5,673,421,691,797,525,414,904,860
"367",377.5,337.5,377.5,189.5,673,421,691,797,525,414,904,860
"369",377.5,337.5,377.5,189.5,673,421,691,797,525,414,904,860
"372",377.5,337.5,377.5,189.5,673,421,691,797,525,414,904,860
"375",377.5,337.5,377.5,189.5,673,421,691,797,525,414,904,860
"506",377.5,337.5,377.5,189.5,71,132,305,395,311,414,16,164
"512",377.5,337.5,377.5,189.5,340,214,860,847,379,414,627,770
"826",377.5,337.5,377.5,189.5,259,408,626,774,373,414,423,511
"911",505.5,206,505.5,183,65,368,224,349,240,567,38,159
"173",200,442,200,182,207,205,296,371,430,346.5,41,184
"119",505.5,148.5,505.5,179,72,88,891,600,242,632.5,212.5,485.5
"360",505.5,148.5,505.5,179,547,369,449,479,925,632.5,858,864
"361",505.5,148.5,505.5,179,494,466,481,495,914,632.5,886,885
"495",505.5,148.5,505.5,179,84,148,772,721,528,632.5,455,760
"849",45,445,45,179,328,403,679,835,271,341,424.5,470
"368",377.5,321.5,377.5,172.5,300,634,265,375.5,499.5,464.5,221,246.5
"371",377.5,321.5,377.5,172.5,643,388,510,640,598,464.5,812,732
"373",377.5,321.5,377.5,172.5,635.5,377.5,664.5,769.5,603.5,464.5,900.5,880.5
"374",377.5,321.5,377.5,172.5,300,634,265,375.5,499.5,464.5,221,246.5
"376",377.5,321.5,377.5,172.5,635.5,377.5,664.5,769.5,603.5,464.5,900.5,880.5
"378",377.5,321.5,377.5,172.5,300,634,265,374,498,464.5,218,245
"699",377.5,321.5,377.5,172.5,393.5,227.5,600.5,690.5,518.5,464.5,468.5,569.5
"709",377.5,321.5,377.5,172.5,393.5,227.5,600.5,690.5,518.5,464.5,468.5,569.5
"503",505.5,102.5,505.5,167.5,78,17,876,820,464,671.5,493,857
"681",505.5,102.5,505.5,167.5,103,84,909,848,312,671.5,494,817
"120",505.5,89,505.5,165,97,98,875,653,366,741,395,734
"606",505.5,89,505.5,165,77,92,827,548,258,741,225,505
"909",505.5,89,505.5,165,308,57,351,433,835,741,307.5,535
"68",505.5,75,505.5,162,41,72,913,610,29,858,202,512
"118",505.5,75,505.5,162,57,97,267,306,162,858,26,217
"502",505.5,75,505.5,162,27,3,924,934,43,858,362,766
"124",377.5,299,377.5,159,471,308,530,629,599,485,595,655
"125",377.5,299,377.5,159,507,216,515,611,602,485,499,549
"505",377.5,299,377.5,159,146,196,874,826,461,485,550.5,808
"825",377.5,289,377.5,157,98,238,228,365,289,497.5,23,156
"278",45,330,45,155,63,154,301,336,333,414,11,154
"280",45,330,45,155,63,154,301,336,333,414,11,154
"284",45,330,45,155,63,154,301,336,333,414,11,154
"504",377.5,259.5,377.5,151.5,172.5,222.5,648.5,670.5,554.5,519,359,579.5
"511",377.5,259.5,377.5,151.5,172.5,222.5,648.5,670.5,554.5,519,359,579.5
"518",377.5,259.5,377.5,151.5,35.5,133.5,306.5,397,232,519,14,177.5
"521",377.5,259.5,377.5,151.5,35.5,133.5,306.5,396,231,519,13,174
"513",377.5,215,377.5,141,138,60,663,675,559,553,248,547
"514",377.5,215,377.5,141,113,118,708,688,551,553,313,632
"515",377.5,215,377.5,141,99,119,739,708,534,553,321,672
"617",377.5,215,377.5,141,617,353,315,406,764,553,583,515
"619",377.5,215,377.5,141,691,362,310,401,797,553,723.5,607
"620",377.5,215,377.5,141,617,353,315,406,764,553,583,515
"622",377.5,215,377.5,141,691,362,310,401,797,553,723.5,607
"624",377.5,215,377.5,141,691,362,310,401,797,553,723.5,607
"625",377.5,215,377.5,141,617,353,315,406,764,553,583,515
"626",377.5,215,377.5,141,662,323,328,413,694,553,527.5,425
"631",377.5,215,377.5,141,691,362,310,401,797,553,723.5,607
"632",377.5,215,377.5,141,617,353,315,406,764,553,583,515
"633",377.5,215,377.5,141,548.5,386.5,323.5,414.5,713.5,553,501,420.5
"636",377.5,215,377.5,141,691,362,310,401,797,553,723.5,607
"637",377.5,215,377.5,141,617,353,315,406,764,553,583,515
"638",377.5,215,377.5,141,548.5,386.5,323.5,414.5,713.5,553,501,420.5
"823",377.5,215,377.5,141,135,185,576,608,584,553,246,478
"238",377.5,154,377.5,131,109,245,662,664,557,596,396,678
"712",377.5,154,377.5,131,33,128,940,924,82,596,283,645.5
"926",377.5,154,377.5,131,51,22,892,620,24,596,81,333
"126",377.5,104.5,377.5,128.5,486,147,414,490,909,653,687,784
"711",377.5,104.5,377.5,128.5,110,108,826,771,374,653,405.5,733
"132",377.5,82,377.5,122,286,2,704,641,736,701.5,636,896
"239",377.5,82,377.5,122,73,70,866,767,338,701.5,388,747
"517",377.5,82,377.5,122,76,80,769,709,531,701.5,433.5,776
"922",377.5,82,377.5,122,406.5,188.5,343.5,428.5,855.5,701.5,480.5,629.5
"923",377.5,82,377.5,122,321.5,121.5,352.5,434.5,823.5,701.5,323.5,526.5
"924",377.5,82,377.5,122,274.5,384.5,360.5,443,792.5,701.5,508,627
"925",377.5,82,377.5,122,361.5,138.5,409.5,477.5,758.5,701.5,411.5,591.5
"927",377.5,82,377.5,122,406.5,188.5,343.5,428.5,855.5,701.5,480.5,629.5
"928",377.5,82,377.5,122,321.5,121.5,352.5,434.5,823.5,701.5,323.5,526.5
"929",377.5,82,377.5,122,274.5,384.5,360.5,442,792.5,701.5,507,625.5
"930",377.5,82,377.5,122,361.5,138.5,409.5,477.5,758.5,701.5,411.5,591.5
"127",377.5,62.5,377.5,111.5,463,52,441,468,908,788,733,863
"128",377.5,62.5,377.5,111.5,391,82,494,510,895,788,779.5,902
"129",377.5,62.5,377.5,111.5,353,95,508,523,889,788,770.5,904
"130",377.5,62.5,377.5,111.5,309,31,688,630,735,788,792,926
"131",377.5,62.5,377.5,111.5,353,95,508,523,889,788,770.5,904
"133",377.5,62.5,377.5,111.5,353,95,508,523,889,788,770.5,904
"377",377.5,62.5,377.5,111.5,67,143,303,327,230,788,42,233
"714",377.5,62.5,377.5,111.5,212,104,531,533,807,788,539,809.5
"715",377.5,62.5,377.5,111.5,192,113,546,546,788,788,527.5,806
"716",377.5,62.5,377.5,111.5,161,160,575,566,757,788,579,830
"557",45,286.5,45,105.5,150,51,862,816,465,497.5,404,736
"561",45,286.5,45,105.5,168,235,667,699,521,497.5,359,571
"743",45,252,45,100,384,618,536,580,691,519,841,791.5
"744",45,252,45,100,303,621,568,598,659,519,825,796
"745",45,252,45,100,284.5,254.5,818.5,732.5,605.5,519,806.5,906.5
"746",45,252,45,100,384,618,536,580,691,519,841,791.5
"747",45,252,45,100,303,621,568,598,659,519,825,796
"748",45,252,45,100,284.5,254.5,818.5,732.5,605.5,519,806.5,906.5
"749",45,252,45,100,384,618,536,580,691,519,841,791.5
"750",45,252,45,100,303,621,568,598,659,519,825,796
"840",45,252,45,100,134,159,714,725,522,519,345,645.5
"252",200,162,200,94,158.5,230.5,612.5,638.5,568.5,567,348.5,555.5
"262",200,162,200,94,158.5,230.5,612.5,638.5,568.5,567,348.5,555.5
"537",200,162,200,94,118,71,677,679,556,567,258,558
"177",200,121,200,86,323.5,40.5,697.5,651.5,745.5,632.5,660.5,877.5
"178",200,121,200,86,323.5,40.5,697.5,651.5,745.5,632.5,660.5,877.5
"384",200,121,200,86,40,172,918,822,38,632.5,241,531
"726",200,121,200,86,305,247,520,532,657,632.5,466.5,628
"727",200,121,200,86,226,246,553,559,641,632.5,427,631
"731",200,121,200,86,346,234,503,514,664,632.5,466.5,604
"737",200,121,200,86,270.5,136.5,753.5,655.5,566.5,632.5,587.5,806
"739",200,121,200,86,270.5,136.5,753.5,655.5,566.5,632.5,587.5,806
"931",200,121,200,86,468.5,240.5,374.5,465.5,742.5,632.5,480.5,544.5
"932",200,121,200,86,468.5,240.5,374.5,465.5,742.5,632.5,480.5,544.5
"936",200,121,200,86,468.5,240.5,374.5,465.5,742.5,632.5,480.5,544.5
"940",200,121,200,86,468.5,240.5,374.5,465.5,742.5,632.5,480.5,544.5
"942",200,121,200,86,508,274,334,427,852,632.5,597,658
"174",200,93,200,77,458,39,440,489,910,671.5,580,759
"175",200,93,200,77,392,21,484,518,896,671.5,549,764
"176",200,93,200,77,363,45,502,530,892,671.5,557,783
"253",200,93,200,77,136,141,794,734,553,671.5,598,865
"741",200,93,200,77,184,38,774,663,578,671.5,473,786
"88",200,55.5,200,72.5,107,151,659,654,560,741,436,739
"141",200,55.5,200,72.5,253,129,557,556,740,741,540,772
"142",200,55.5,200,72.5,193,124,758,674,622,741,714,912
"941",200,55.5,200,72.5,29,142,902,768,3,741,235.5,529
"191",45,144,45,68,451,269,473,526,891,596,800,836
"649",45,144,45,68,472,210,325,418,791,596,385,424
"655",45,144,45,68,82,10,802,537,243,596,98,343
"660",45,144,45,68,610,75,331,419,767,596,380,416
"755",45,144,45,68,42,68,900,810,87,596,184.5,482
"89",200,27,200,53,90,4,676,660,558,858,410,788
"144",200,27,200,53,327,224,521,529,839,858,838,921
"145",200,27,200,53,364.5,193.5,511.5,520.5,884.5,858,846.5,922.5
"152",200,27,200,53,474,191,443,462,904,858,844,914
"153",200,27,200,53,364.5,193.5,511.5,520.5,884.5,858,846.5,922.5
"154",200,27,200,53,330.5,258.5,682.5,622.5,727.5,858,883.5,941.5
"162",200,27,200,53,330.5,258.5,682.5,622.5,727.5,858,883.5,941.5
"171",200,27,200,53,474,191,443,462,904,858,844,914
"172",200,27,200,53,330.5,258.5,682.5,622.5,727.5,858,883.5,941.5
"179",200,27,200,53,188,50,857,647,497,858,677.5,916
"180",200,27,200,53,474,191,443,462,904,858,844,914
"181",200,27,200,53,399.5,102.5,495.5,506.5,893.5,858,813.5,918.5
"182",200,27,200,53,306,106,709,541,587,858,705,879
"183",200,27,200,53,399.5,102.5,495.5,506.5,893.5,858,813.5,918.5
"184",200,27,200,53,330.5,258.5,682.5,622.5,727.5,858,883.5,941.5
"264",200,27,200,53,144.5,115.5,591.5,586.5,634.5,858,496.5,791.5
"265",200,27,200,53,126.5,100.5,619.5,605.5,615.5,858,484.5,801.5
"266",200,27,200,53,111.5,125.5,642.5,625.5,607.5,858,524.5,825.5
"267",200,27,200,53,128.5,61.5,778.5,716.5,564.5,858,706.5,924.5
"271",200,27,200,53,144.5,115.5,591.5,586.5,634.5,858,496.5,791.5
"272",200,27,200,53,126.5,100.5,619.5,605.5,615.5,858,484.5,801.5
"273",200,27,200,53,111.5,125.5,642.5,625.5,607.5,858,524.5,825.5
"274",200,27,200,53,128.5,61.5,778.5,716.5,564.5,858,706.5,924.5
"383",200,27,200,53,37,130,946,859,14,858,408,753
"646",200,27,200,53,382,232,330,420,881,858,704,804
"275",45,98.5,45,37.5,132.5,144.5,623.5,627.5,593.5,653,346.5,659.5
"281",45,98.5,45,37.5,132.5,144.5,623.5,627.5,593.5,653,346.5,659.5
"945",45,98.5,45,37.5,414,314,346,431,819,653,542,613.5
"946",45,98.5,45,37.5,333,480,354,441,789,653,618.5,673
"947",45,98.5,45,37.5,414,314,346,431,819,653,542,613.5
"948",45,98.5,45,37.5,414,314,346,431,819,653,542,613.5
"742",45,70.5,45,31.5,254.5,294.5,528.5,535.5,813.5,701.5,744.5,855.5
"751",45,70.5,45,31.5,254.5,294.5,528.5,535.5,813.5,701.5,744.5,855.5
"752",45,70.5,45,31.5,206,253,541,549,794,701.5,606,803
"753",45,70.5,45,31.5,169,296,574,567,761,701.5,635,818
"754",45,70.5,45,31.5,164.5,66.5,800.5,681.5,618.5,701.5,601.5,882.5
"756",45,70.5,45,31.5,164.5,66.5,800.5,681.5,618.5,701.5,601.5,882.5
"91",45,46.5,45,14.5,119.5,53.5,539.5,560.5,609.5,788,260.5,588.5
"92",45,46.5,45,14.5,104,37,570,578,597,788,263.5,618
"93",45,46.5,45,14.5,92,56,593,588,589,788,284,657
"94",45,46.5,45,14.5,119.5,53.5,539.5,560.5,609.5,788,260.5,588.5
"95",45,7.5,45,14.5,93,107,585,582,595,924,456,775
"96",45,7.5,45,14.5,89,112,599,589,585,924,470,791.5
"185",45,7.5,45,14.5,465,285,453,470,898,924,896,928
"186",45,7.5,45,14.5,465,285,453,470,898,924,896,928
"187",45,7.5,45,14.5,386.5,249.5,498.5,512.5,882.5,924,870.5,932.5
"188",45,7.5,45,14.5,465,285,453,470,898,924,896,928
"189",45,7.5,45,14.5,386.5,249.5,498.5,512.5,882.5,924,870.5,932.5
"190",45,7.5,45,14.5,344.5,321.5,516.5,527.5,870.5,924,898.5,934.5
"192",45,7.5,45,14.5,344.5,321.5,516.5,527.5,870.5,924,898.5,934.5
"279",45,7.5,45,14.5,124.5,63.5,780.5,719.5,562.5,924,788.5,944.5
"282",45,7.5,45,14.5,124.5,63.5,780.5,719.5,562.5,924,788.5,944.5
"283",45,7.5,45,14.5,43,109,263,298,135,924,28,231
"562",45,7.5,45,14.5,75,5,756,689,539,924,550.5,899
"563",45,7.5,45,14.5,69,69,793,741,505,924,692.5,930
"648",45,46.5,45,14.5,478,175,320,410,901,788,638,741
"650",45,46.5,45,14.5,461,207,336,425,837,788,627,728
"651",45,46.5,45,14.5,478,175,320,410,901,788,638,741
"652",45,46.5,45,14.5,416.5,220.5,326.5,416.5,886.5,788,630.5,737.5
"653",45,46.5,45,14.5,338.5,218.5,332.5,422.5,853.5,788,504.5,699.5
"654",45,46.5,45,14.5,461,207,336,425,837,788,627,728
"656",45,46.5,45,14.5,478,175,320,410,901,788,638,741
"657",45,46.5,45,14.5,416.5,220.5,326.5,416.5,886.5,788,630.5,737.5
"658",45,46.5,45,14.5,338.5,218.5,332.5,422.5,853.5,788,504.5,699.5
"659",45,46.5,45,14.5,461,207,336,425,837,788,627,728
